-- phpMyAdmin SQL Dump
-- version 4.8.3
-- https://www.phpmyadmin.net/
--
-- Hôte : 127.0.0.1:3306
-- Généré le :  sam. 15 juin 2019 à 20:43
-- Version du serveur :  5.7.23
-- Version de PHP :  7.2.10

SET SQL_MODE = "NO_AUTO_VALUE_ON_ZERO";
SET AUTOCOMMIT = 0;
START TRANSACTION;
SET time_zone = "+00:00";


/*!40101 SET @OLD_CHARACTER_SET_CLIENT=@@CHARACTER_SET_CLIENT */;
/*!40101 SET @OLD_CHARACTER_SET_RESULTS=@@CHARACTER_SET_RESULTS */;
/*!40101 SET @OLD_COLLATION_CONNECTION=@@COLLATION_CONNECTION */;
/*!40101 SET NAMES utf8mb4 */;

--
-- Base de données :  `kitbox_database`
--

-- --------------------------------------------------------

--
-- Structure de la table `client`
--

DROP TABLE IF EXISTS `client`;
CREATE TABLE IF NOT EXISTS `client` (
  `idClient` int(11) NOT NULL AUTO_INCREMENT,
  `NomClient` tinytext,
  `PrenomClient` tinytext,
  PRIMARY KEY (`idClient`)
) ENGINE=InnoDB AUTO_INCREMENT=315 DEFAULT CHARSET=latin1;

--
-- Déchargement des données de la table `client`
--

INSERT INTO `client` (`idClient`, `NomClient`, `PrenomClient`) VALUES
(1, NULL, NULL),
(2, NULL, NULL),
(3, NULL, NULL),
(4, NULL, NULL),
(5, NULL, NULL),
(6, NULL, NULL),
(7, NULL, NULL),
(8, NULL, NULL),
(9, NULL, NULL),
(10, NULL, NULL),
(11, NULL, NULL),
(12, NULL, NULL),
(13, NULL, NULL),
(14, NULL, NULL),
(15, NULL, NULL),
(16, NULL, NULL),
(17, NULL, NULL),
(18, NULL, NULL),
(19, NULL, NULL),
(20, NULL, NULL),
(21, NULL, NULL),
(22, NULL, NULL),
(23, NULL, NULL),
(24, NULL, NULL),
(25, NULL, NULL),
(26, NULL, NULL),
(27, NULL, NULL),
(28, NULL, NULL),
(29, NULL, NULL),
(30, NULL, NULL),
(31, NULL, NULL),
(32, NULL, NULL),
(33, NULL, NULL),
(34, NULL, NULL),
(35, NULL, NULL),
(36, NULL, NULL),
(37, NULL, NULL),
(38, NULL, NULL),
(39, NULL, NULL),
(40, NULL, NULL),
(41, NULL, NULL),
(42, NULL, NULL),
(43, NULL, NULL),
(44, NULL, NULL),
(45, NULL, NULL),
(46, NULL, NULL),
(47, NULL, NULL),
(48, NULL, NULL),
(49, NULL, NULL),
(50, NULL, NULL),
(51, NULL, NULL),
(52, NULL, NULL),
(53, NULL, NULL),
(54, NULL, NULL),
(55, NULL, NULL),
(56, NULL, NULL),
(57, NULL, NULL),
(58, NULL, NULL),
(59, NULL, NULL),
(60, NULL, NULL),
(61, NULL, NULL),
(62, NULL, NULL),
(63, NULL, NULL),
(64, NULL, NULL),
(65, NULL, NULL),
(66, NULL, NULL),
(67, NULL, NULL),
(68, NULL, NULL),
(69, NULL, NULL),
(70, NULL, NULL),
(71, NULL, NULL),
(72, NULL, NULL),
(73, NULL, NULL),
(74, NULL, NULL),
(75, NULL, NULL),
(76, NULL, NULL),
(77, NULL, NULL),
(78, NULL, NULL),
(79, NULL, NULL),
(80, NULL, NULL),
(81, NULL, NULL),
(82, NULL, NULL),
(83, NULL, NULL),
(84, NULL, NULL),
(85, NULL, NULL),
(86, NULL, NULL),
(87, NULL, NULL),
(88, NULL, NULL),
(89, NULL, NULL),
(90, NULL, NULL),
(91, NULL, NULL),
(92, NULL, NULL),
(93, NULL, NULL),
(94, NULL, NULL),
(95, NULL, NULL),
(96, NULL, NULL),
(97, NULL, NULL),
(98, NULL, NULL),
(99, NULL, NULL),
(100, NULL, NULL),
(101, NULL, NULL),
(102, NULL, NULL),
(103, NULL, NULL),
(104, NULL, NULL),
(105, NULL, NULL),
(106, NULL, NULL),
(107, NULL, NULL),
(108, NULL, NULL),
(109, NULL, NULL),
(110, NULL, NULL),
(111, NULL, NULL),
(112, NULL, NULL),
(113, NULL, NULL),
(114, NULL, NULL),
(115, NULL, NULL),
(116, NULL, NULL),
(117, NULL, NULL),
(118, NULL, NULL),
(119, NULL, NULL),
(120, NULL, NULL),
(121, NULL, NULL),
(122, NULL, NULL),
(123, NULL, NULL),
(124, NULL, NULL),
(125, NULL, NULL),
(126, NULL, NULL),
(127, NULL, NULL),
(128, NULL, NULL),
(129, NULL, NULL),
(130, NULL, NULL),
(131, NULL, NULL),
(132, NULL, NULL),
(133, NULL, NULL),
(134, NULL, NULL),
(135, NULL, NULL),
(136, NULL, NULL),
(137, NULL, NULL),
(138, NULL, NULL),
(139, NULL, NULL),
(140, NULL, NULL),
(141, NULL, NULL),
(142, NULL, NULL),
(143, NULL, NULL),
(144, NULL, NULL),
(145, NULL, NULL),
(146, NULL, NULL),
(147, NULL, NULL),
(148, NULL, NULL),
(149, NULL, NULL),
(150, NULL, NULL),
(151, NULL, NULL),
(152, NULL, NULL),
(153, NULL, NULL),
(154, NULL, NULL),
(155, NULL, NULL),
(156, NULL, NULL),
(157, NULL, NULL),
(158, NULL, NULL),
(159, NULL, NULL),
(160, NULL, NULL),
(161, NULL, NULL),
(162, NULL, NULL),
(163, NULL, NULL),
(164, NULL, NULL),
(165, NULL, NULL),
(166, NULL, NULL),
(167, NULL, NULL),
(168, NULL, NULL),
(169, NULL, NULL),
(170, NULL, NULL),
(171, NULL, NULL),
(172, NULL, NULL),
(173, NULL, NULL),
(174, NULL, NULL),
(175, NULL, NULL),
(176, NULL, NULL),
(177, NULL, NULL),
(178, NULL, NULL),
(179, NULL, NULL),
(180, NULL, NULL),
(181, NULL, NULL),
(182, NULL, NULL),
(183, NULL, NULL),
(184, NULL, NULL),
(185, NULL, NULL),
(186, NULL, NULL),
(187, NULL, NULL),
(188, NULL, NULL),
(189, NULL, NULL),
(190, NULL, NULL),
(191, NULL, NULL),
(192, NULL, NULL),
(193, NULL, NULL),
(194, NULL, NULL),
(195, NULL, NULL),
(196, NULL, NULL),
(197, NULL, NULL),
(198, NULL, NULL),
(199, NULL, NULL),
(200, NULL, NULL),
(201, NULL, NULL),
(202, NULL, NULL),
(203, NULL, NULL),
(204, NULL, NULL),
(205, NULL, NULL),
(206, NULL, NULL),
(207, NULL, NULL),
(208, NULL, NULL),
(209, NULL, NULL),
(210, NULL, NULL),
(211, NULL, NULL),
(212, NULL, NULL),
(213, NULL, NULL),
(214, NULL, NULL),
(215, NULL, NULL),
(216, NULL, NULL),
(217, NULL, NULL),
(218, NULL, NULL),
(219, NULL, NULL),
(220, NULL, NULL),
(221, NULL, NULL),
(222, NULL, NULL),
(223, NULL, NULL),
(224, NULL, NULL),
(225, 'qd', NULL),
(226, 'zaeerrrrrrrrrrrrrrrrrrrr', 'zezae'),
(227, NULL, NULL),
(228, NULL, NULL),
(229, NULL, NULL),
(230, NULL, NULL),
(231, NULL, NULL),
(232, NULL, NULL),
(233, 'fzafzaza', 'dvdvqf'),
(234, '', ''),
(235, NULL, NULL),
(236, NULL, NULL),
(237, NULL, NULL),
(238, NULL, NULL),
(239, NULL, NULL),
(240, NULL, NULL),
(241, NULL, NULL),
(242, NULL, NULL),
(243, NULL, NULL),
(244, NULL, NULL),
(245, 'edzaza', 'eraz'),
(246, '', ''),
(247, NULL, NULL),
(248, NULL, NULL),
(249, NULL, NULL),
(250, '', ''),
(251, NULL, NULL),
(252, NULL, NULL),
(253, NULL, NULL),
(254, NULL, NULL),
(255, NULL, NULL),
(256, NULL, NULL),
(257, NULL, NULL),
(258, NULL, NULL),
(259, NULL, NULL),
(260, NULL, NULL),
(261, NULL, NULL),
(262, NULL, NULL),
(263, NULL, NULL),
(264, NULL, NULL),
(265, NULL, NULL),
(266, NULL, NULL),
(267, NULL, NULL),
(268, NULL, NULL),
(269, NULL, NULL),
(270, NULL, NULL),
(271, NULL, NULL),
(272, NULL, NULL),
(273, NULL, NULL),
(274, NULL, NULL),
(275, NULL, NULL),
(276, NULL, NULL),
(277, NULL, NULL),
(278, NULL, NULL),
(279, NULL, NULL),
(280, NULL, NULL),
(281, NULL, NULL),
(282, NULL, NULL),
(283, '', ''),
(284, NULL, NULL),
(285, '', ''),
(286, '', ''),
(287, 'aaaaa', 'aaa'),
(288, '', ''),
(289, '', ''),
(290, NULL, NULL),
(291, '', ''),
(292, '', ''),
(293, '', ''),
(294, '', ''),
(295, '', ''),
(296, '', ''),
(297, '', ''),
(298, '', ''),
(299, '', ''),
(300, '', ''),
(301, NULL, NULL),
(302, '', ''),
(303, NULL, NULL),
(304, NULL, NULL),
(305, 'soysal', 'deniz'),
(306, NULL, NULL),
(307, 'De la tour', 'Toto '),
(308, '', ''),
(309, 'De la tour', 'Toto '),
(310, 'Bocaj', 'Jacob'),
(311, 'Antoine', 'Marc'),
(312, 'Antoine', 'Marc'),
(313, 'Patron', 'Deniz'),
(314, '', '');

-- --------------------------------------------------------

--
-- Structure de la table `commande`
--

DROP TABLE IF EXISTS `commande`;
CREATE TABLE IF NOT EXISTS `commande` (
  `idCommande` int(11) NOT NULL AUTO_INCREMENT,
  `client_fk` int(11) DEFAULT NULL,
  `Corniere` tinytext,
  `PanneauAR` tinytext,
  `PanneauGD` tinytext,
  `PanneauHB` tinytext,
  `Porte` tinytext,
  `Tasseau` tinytext,
  `TraverseAR` tinytext,
  `TraverseAV` tinytext,
  `TraverseGD` tinytext,
  `Command_state` text,
  `number_of_box` int(11) DEFAULT NULL,
  PRIMARY KEY (`idCommande`),
  KEY `client_fk` (`client_fk`)
) ENGINE=InnoDB AUTO_INCREMENT=429 DEFAULT CHARSET=latin1;

--
-- Déchargement des données de la table `commande`
--

INSERT INTO `commande` (`idCommande`, `client_fk`, `Corniere`, `PanneauAR`, `PanneauGD`, `PanneauHB`, `Porte`, `Tasseau`, `TraverseAR`, `TraverseAV`, `TraverseGD`, `Command_state`, `number_of_box`) VALUES
(406, 307, 'COR108BL', 'PAR32100BL', 'PAG3242BL', 'PAH42100BL', 'POR3242BL', 'TAS27', 'TRR100', 'TRF100', 'TRG42', 'Enregistrée', 3),
(407, 307, 'COR108BL', 'PAR32100BL', 'PAG3242BL', 'PAH42100BL', 'POR3242BL', 'TAS27', 'TRR100', 'TRF100', 'TRG42', 'Enregistrée', 3),
(408, 307, 'COR92BR', 'PAR4232BL', 'PAG4242BL', 'PAH4232BR', 'POR4242BL', 'TAS37', 'TRR32', 'TRF32', 'TRG42', 'Enregistrée', 2),
(409, 307, 'COR92BR', 'PAR4232BL', 'PAG4242BL', 'PAH4232BR', 'POR4242BL', 'TAS37', 'TRR32', 'TRF32', 'TRG42', 'Enregistrée', 2),
(410, 307, 'COR276BL', 'PAR4242BL', 'PAG4262BL', 'PAH6242BL', 'POR4262BL', 'TAS37', 'TRR42', 'TRF42', 'TRG62', 'Enregistrée', 6),
(411, 308, 'COR276BL', 'PAR4242BL', 'PAG4262BL', 'PAH6242BL', 'POR4262BL', 'TAS37', 'TRR42', 'TRF42', 'TRG62', 'Enregistrée', 6),
(412, 309, 'COR138BR', 'PAR4242BL', 'PAG4252BL', 'PAH5242BR', 'POR4252BL', 'TAS37', 'TRR42', 'TRF42', 'TRG52', 'Enregistrée', 3),
(413, 309, 'COR138BR', 'PAR4242BL', 'PAG4252BL', 'PAH5242BR', 'POR4252BL', 'TAS37', 'TRR42', 'TRF42', 'TRG52', 'Enregistrée', 3),
(415, 310, 'COR224BR', 'PAR52100BL', 'PAG5252BL', 'PAH52100BR', 'POR5252BL', 'TAS47', 'TRR100', 'TRF100', 'TRG52', 'Enregistrée', 4),
(416, 311, 'COR224BR', 'PAR52100BL', 'PAG5252BL', 'PAH52100BR', 'POR5252BL', 'TAS47', 'TRR100', 'TRF100', 'TRG52', 'Enregistrée', 4),
(417, 312, 'COR276BR', 'PAR42100BL', 'PAG4242BL', 'PAH42100BR', 'POR4242BL', 'TAS37', 'TRR100', 'TRF100', 'TRG42', 'Enregistrée', 6),
(418, 312, 'COR276BR', 'PAR42100BL', 'PAG4242BL', 'PAH42100BR', 'POR4242BL', 'TAS37', 'TRR100', 'TRF100', 'TRG42', 'Enregistrée', 6),
(419, 313, 'COR180BL', 'PAR3280BL', 'PAG3242BL', 'PAH4280BL', 'POR3242BL', 'TAS27', 'TRR80', 'TRF80', 'TRG42', 'Enregistrée', 5),
(420, 313, 'COR180BL', 'PAR3280BL', 'PAG3242BL', 'PAH4280BL', 'POR3242BL', 'TAS27', 'TRR80', 'TRF80', 'TRG42', 'Enregistrée', 5),
(421, 314, 'COR184BR', 'PAR4252BR', 'PAG4252BR', 'PAH5252BR', 'POR4252BR', 'TAS37', 'TRR52', 'TRF52', 'TRG52', 'Enregistrée', 4),
(422, 314, 'COR230BL', 'PAR4252BL', 'PAG4262BL', 'PAH6252BL', 'POR4262BL', 'TAS37', 'TRR52', 'TRF52', 'TRG62', 'Enregistrée', 5),
(423, 314, 'COR144BL', 'PAR3252BL', 'PAG3242BL', 'PAH4252BL', 'POR3242BL', 'TAS27', 'TRR52', 'TRF52', 'TRG42', 'Enregistrée', 4),
(424, 314, 'COR280BL', 'PAR52120BL', 'PAG5252BL', 'PAH52120BL', 'POR5252BL', 'TAS47', 'TRR120', 'TRF120', 'TRG52', 'Enregistrée', 5),
(425, 314, 'COR216BL', 'PAR3232BL', 'PAG3252BL', 'PAH5232BL', 'POR3252BL', 'TAS27', 'TRR32', 'TRF32', 'TRG52', 'Enregistrée', 6),
(426, 314, 'COR168BR', 'PAR5242BL', 'PAG5252BL', 'PAH5242BR', 'POR5252BL', 'TAS47', 'TRR42', 'TRF42', 'TRG52', 'Enregistrée', 3),
(427, 314, 'COR216BL', 'PAR32100BL', 'PAG3262BL', 'PAH62100BL', 'POR3262BL', 'TAS27', 'TRR100', 'TRF100', 'TRG62', 'Enregistrée', 6),
(428, 314, 'COR138BL', 'PAR42120BL', 'PAG4242BL', 'PAH42120BL', 'POR4242BL', 'TAS37', 'TRR120', 'TRF120', 'TRG42', 'Enregistrée', 3);

-- --------------------------------------------------------

--
-- Structure de la table `fournisseur`
--

DROP TABLE IF EXISTS `fournisseur`;
CREATE TABLE IF NOT EXISTS `fournisseur` (
  `idFournisseur` int(11) NOT NULL AUTO_INCREMENT,
  `Nom` tinytext NOT NULL,
  `Prenom` tinytext NOT NULL,
  `Adresse` tinytext NOT NULL,
  `CodePostale` tinytext NOT NULL,
  PRIMARY KEY (`idFournisseur`)
) ENGINE=InnoDB AUTO_INCREMENT=3 DEFAULT CHARSET=latin1;

--
-- Déchargement des données de la table `fournisseur`
--

INSERT INTO `fournisseur` (`idFournisseur`, `Nom`, `Prenom`, `Adresse`, `CodePostale`) VALUES
(1, 'TRABELBO SA ', 'Les Artisans du Bois', 'Parc industriel 9 ', '6124 MARBEHAN'),
(2, 'TraitBois SPRL', 'Ebénistes réunis', 'Chemin des 2 Maisons, 140', '5150 FLORIFFOUX ');

-- --------------------------------------------------------

--
-- Structure de la table `kitbox`
--

DROP TABLE IF EXISTS `kitbox`;
CREATE TABLE IF NOT EXISTS `kitbox` (
  `idPiece` int(11) NOT NULL AUTO_INCREMENT,
  `Reference` varchar(11) DEFAULT NULL,
  `CodeBarre` varchar(11) NOT NULL,
  `Dimensions` varchar(14) DEFAULT NULL,
  `Hauteur` int(11) DEFAULT NULL,
  `Profondeur` int(11) DEFAULT NULL,
  `Largeur` int(11) DEFAULT NULL,
  `Couleur` varchar(9) DEFAULT NULL,
  `Enstock` int(11) NOT NULL,
  `StockMinimum` int(11) DEFAULT NULL,
  `PrixClient` varchar(6) DEFAULT NULL,
  `NbPiecesCasier` int(11) DEFAULT NULL,
  `PrixFourn1` varchar(5) DEFAULT NULL,
  `DelaiFourn1` int(11) DEFAULT NULL,
  `NbPiecesComFourn1` int(11) DEFAULT NULL,
  `PrixFourn2` varchar(6) DEFAULT NULL,
  `DelaiFourn2` int(11) DEFAULT NULL,
  `NbPiecesComFourn2` int(11) DEFAULT NULL,
  PRIMARY KEY (`idPiece`)
) ENGINE=InnoDB AUTO_INCREMENT=309 DEFAULT CHARSET=latin1;

--
-- Déchargement des données de la table `kitbox`
--

INSERT INTO `kitbox` (`idPiece`, `Reference`, `CodeBarre`, `Dimensions`, `Hauteur`, `Profondeur`, `Largeur`, `Couleur`, `Enstock`, `StockMinimum`, `PrixClient`, `NbPiecesCasier`, `PrixFourn1`, `DelaiFourn1`, `NbPiecesComFourn1`, `PrixFourn2`, `DelaiFourn2`, `NbPiecesComFourn2`) VALUES
(1, 'Cornieres', 'COR100BLDEC', '100(h)decoupee', 100, 0, 0, 'Blanc', 85, 32, '1,72', 4, '1,08', 6, 0, '0,72', 18, 0),
(2, 'Cornieres', 'COR100BRDEC', '100(h)decoupee', 100, 0, 0, 'Brun', 84, 32, '1,38', 4, '0,87', 12, 0, '0,52', 8, 0),
(3, 'Cornieres', 'COR100GLDEC', '100(h)decoupee', 100, 0, 0, 'Galvanise', 84, 32, '1,72', 4, '1,13', 5, 0, '0,62', 12, 0),
(4, 'Cornieres', 'COR100NRDEC', '100(h)decoupee', 100, 0, 0, 'Noir', 87, 32, '1,2', 4, '0,77', 10, 0, '0,46', 14, 0),
(5, 'Cornieres', 'COR108BL', '3x32(h)', 108, 0, 0, 'Blanc', 84, 32, '0,97', 4, '0,85', 7, 0, '0,65', 13, 0),
(6, 'Cornieres', 'COR108BR', '3x32(h)', 108, 0, 0, 'Brun', 87, 32, '0,776', 4, '0,69', 7, 0, '0,48', 11, 0),
(7, 'Cornieres', 'COR108GL', '3x32(h)', 108, 0, 0, 'Galvanise', 87, 32, '0,97', 4, '0,84', 6, 0, '0,66', 14, 0),
(8, 'Cornieres', 'COR108NR', '3x32(h)', 108, 0, 0, 'Noir', 86, 32, '0,679', 4, '0,55', 13, 0, '0,44', 15, 0),
(9, 'Cornieres', 'COR112BL', '2x52(h)', 112, 0, 0, 'Blanc', 82, 32, '1,06', 4, '0,89', 12, 0, '0,74', 13, 0),
(10, 'Cornieres', 'COR112BR', '2x52(h)', 112, 0, 0, 'Brun', 82, 32, '0,848', 4, '0,74', 5, 0, '0,54', 11, 0),
(11, 'Cornieres', 'COR112GL', '2x52(h)', 112, 0, 0, 'Galvanise', 88, 32, '1,06', 4, '0,94', 8, 0, '0,68', 14, 0),
(12, 'Cornieres', 'COR112NR', '2x52(h)', 112, 0, 0, 'Noir', 89, 32, '0,742', 4, '0,62', 6, 0, '0,45', 12, 0),
(13, 'Cornieres', 'COR125BLDEC', '125(h)decoupee', 125, 0, 0, 'Blanc', 83, 32, '1,94', 4, '1,28', 7, 0, '0,78', 13, 0),
(14, 'Cornieres', 'COR125BRDEC', '125(h)decoupee', 125, 0, 0, 'Brun', 84, 32, '1,55', 4, '1,04', 7, 0, '0,58', 11, 0),
(15, 'Cornieres', 'COR125GLDEC', '125(h)decoupee', 125, 0, 0, 'Galvanise', 83, 32, '1,94', 4, '1,26', 6, 0, '0,79', 14, 0),
(16, 'Cornieres', 'COR125NRDEC', '125(h)decoupee', 125, 0, 0, 'Noir', 86, 32, '1,36', 4, '0,83', 13, 0, '0,53', 15, 0),
(17, 'Cornieres', 'COR138BL', '3x42(h)', 138, 0, 0, 'Blanc', 83, 32, '1,27', 4, '1,08', 11, 0, '0,8', 14, 0),
(18, 'Cornieres', 'COR138BR', '3x42(h)', 138, 0, 0, 'Brun', 87, 32, '1,016', 4, '0,85', 12, 0, '0,64', 15, 0),
(19, 'Cornieres', 'COR138GL', '3x42(h)', 138, 0, 0, 'Galvanise', 89, 32, '1,27', 4, '1,02', 6, 0, '0,88', 11, 0),
(20, 'Cornieres', 'COR138NR', '3x42(h)', 138, 0, 0, 'Noir', 83, 32, '0,889', 4, '0,75', 11, 0, '0,55', 13, 0),
(21, 'Cornieres', 'COR144BL', '4x32(h)', 144, 0, 0, 'Blanc', 86, 32, '1,28', 4, '1,08', 3, 0, '0,85', 14, 0),
(22, 'Cornieres', 'COR144BR', '4x32(h)', 144, 0, 0, 'Brun', 87, 32, '1,024', 4, '0,82', 11, 0, '0,68', 13, 0),
(23, 'Cornieres', 'COR144GL', '4x32(h)', 144, 0, 0, 'Galvanise', 84, 32, '1,28', 4, '1,13', 12, 0, '0,84', 9, 0),
(24, 'Cornieres', 'COR144NR', '4x32(h)', 144, 0, 0, 'Noir', 88, 32, '0,896', 4, '0,8', 5, 0, '0,62', 11, 0),
(25, 'Cornieres', 'COR150BLDEC', '150(h)decoupee', 150, 0, 0, 'Blanc', 89, 32, '2,54', 4, '1,62', 11, 0, '0,96', 14, 0),
(26, 'Cornieres', 'COR150BRDEC', '150(h)decoupee', 150, 0, 0, 'Brun', 87, 32, '2,03', 4, '1,28', 12, 0, '0,77', 15, 0),
(27, 'Cornieres', 'COR150GLDEC', '150(h)decoupee', 150, 0, 0, 'Galvanise', 87, 32, '2,54', 4, '1,53', 6, 0, '1,06', 11, 0),
(28, 'Cornieres', 'COR150NRDEC', '150(h)decoupee', 150, 0, 0, 'Noir', 87, 32, '1,78', 4, '1,13', 11, 0, '0,66', 13, 0),
(29, 'Cornieres', 'COR168BL', '3x52(h)', 168, 0, 0, 'Blanc', 89, 32, '1,57', 4, '1,3', 5, 0, '1,06', 12, 0),
(30, 'Cornieres', 'COR168BR', '3x52(h)', 168, 0, 0, 'Brun', 83, 32, '1,256', 4, '1,08', 4, 0, '0,79', 16, 0),
(31, 'Cornieres', 'COR168GL', '3x52(h)', 168, 0, 0, 'Galvanise', 88, 32, '1,57', 4, '1,27', 11, 0, '1,05', 15, 0),
(32, 'Cornieres', 'COR168NR', '3x52(h)', 168, 0, 0, 'Noir', 80, 32, '1,099', 4, '0,99', 11, 0, '0,73', 16, 0),
(33, 'Cornieres', 'COR175BLDEC', '175(h)decoupee', 175, 0, 0, 'Blanc', 81, 32, '3,14', 4, '1,95', 5, 0, '1,27', 12, 0),
(34, 'Cornieres', 'COR175BRDEC', '175(h)decoupee', 175, 0, 0, 'Brun', 83, 32, '2,51', 4, '1,62', 4, 0, '0,95', 16, 0),
(35, 'Cornieres', 'COR175GLDEC', '175(h)decoupee', 175, 0, 0, 'Galvanise', 86, 32, '3,14', 4, '1,91', 11, 0, '1,26', 15, 0),
(36, 'Cornieres', 'COR175NRDEC', '175(h)decoupee', 175, 0, 0, 'Noir', 85, 32, '2,2', 4, '1,49', 11, 0, '0,88', 16, 0),
(37, 'Cornieres', 'COR180BL', '5x32(h)', 180, 0, 0, 'Blanc', 89, 32, '1,59', 4, '1,33', 7, 0, '1,02', 9, 0),
(38, 'Cornieres', 'COR180BR', '5x32(h)', 180, 0, 0, 'Brun', 89, 32, '1,272', 4, '1,11', 11, 0, '0,8', 9, 0),
(39, 'Cornieres', 'COR180GL', '5x32(h)', 180, 0, 0, 'Galvanise', 84, 32, '1,59', 4, '1,33', 9, 0, '1,05', 9, 0),
(40, 'Cornieres', 'COR180NR', '5x32(h)', 180, 0, 0, 'Noir', 83, 32, '1,113', 4, '0,94', 9, 0, '0,7', 11, 0),
(41, 'Cornieres', 'COR184BL', '4x42(h)', 184, 0, 0, 'Blanc', 89, 32, '1,68', 4, '1,36', 3, 0, '1,11', 16, 0),
(42, 'Cornieres', 'COR184BR', '4x42(h)', 184, 0, 0, 'Brun', 84, 32, '1,344', 4, '1,2', 5, 0, '0,83', 17, 0),
(43, 'Cornieres', 'COR184GL', '4x42(h)', 184, 0, 0, 'Galvanise', 86, 32, '1,68', 4, '1,46', 11, 0, '1,11', 17, 0),
(44, 'Cornieres', 'COR184NR', '4x42(h)', 184, 0, 0, 'Noir', 88, 32, '1,176', 4, '1,04', 6, 0, '0,75', 17, 0),
(45, 'Cornieres', 'COR200BLDEC', '200(h)decoupee', 200, 0, 0, 'Blanc', 85, 32, '3,36', 4, '2,04', 3, 0, '1,33', 16, 0),
(46, 'Cornieres', 'COR200BRDEC', '200(h)decoupee', 200, 0, 0, 'Brun', 86, 32, '2,69', 4, '1,8', 5, 0, '1', 17, 0),
(47, 'Cornieres', 'COR200GLDEC', '200(h)decoupee', 200, 0, 0, 'Galvanise', 84, 32, '3,36', 4, '2,19', 11, 0, '1,33', 17, 0),
(48, 'Cornieres', 'COR200NRDEC', '200(h)decoupee', 200, 0, 0, 'Noir', 90, 32, '2,35', 4, '1,56', 6, 0, '0,9', 17, 0),
(49, 'Cornieres', 'COR216BL', '6x32(h)', 216, 0, 0, 'Blanc', 56, 32, '1,9', 4, '1,63', 10, 0, '1,3', 14, 0),
(50, 'Cornieres', 'COR216BR', '6x32(h)', 216, 0, 0, 'Brun', 81, 32, '1,52', 4, '1,24', 11, 0, '1,05', 8, 0),
(51, 'Cornieres', 'COR216GL', '6x32(h)', 216, 0, 0, 'Galvanise', 88, 32, '1,9', 4, '1,71', 10, 0, '1,21', 13, 0),
(52, 'Cornieres', 'COR216NR', '6x32(h)', 216, 0, 0, 'Noir', 80, 32, '1,33', 4, '1,17', 9, 0, '0,92', 13, 0),
(53, 'Cornieres', 'COR224BL', '4x52(h)', 224, 0, 0, 'Blanc', 84, 32, '2,08', 4, '1,71', 7, 0, '1,33', 10, 0),
(54, 'Cornieres', 'COR224BR', '4x52(h)', 224, 0, 0, 'Brun', 83, 32, '1,664', 4, '1,46', 9, 0, '1,14', 11, 0),
(55, 'Cornieres', 'COR224GL', '4x52(h)', 224, 0, 0, 'Galvanise', 87, 32, '2,08', 4, '1,69', 4, 0, '1,38', 16, 0),
(56, 'Cornieres', 'COR224NR', '4x52(h)', 224, 0, 0, 'Noir', 84, 32, '1,456', 4, '1,25', 6, 0, '0,88', 13, 0),
(57, 'Cornieres', 'COR225BLDEC', '225(h)decoupee', 225, 0, 0, 'Blanc', 88, 32, '3,8', 4, '2,45', 10, 0, '1,56', 14, 0),
(58, 'Cornieres', 'COR225BRDEC', '225(h)decoupee', 225, 0, 0, 'Brun', 86, 32, '3,04', 4, '1,86', 11, 0, '1,26', 8, 0),
(59, 'Cornieres', 'COR225GLDEC', '225(h)decoupee', 225, 0, 0, 'Galvanise', 86, 32, '3,8', 4, '2,57', 10, 0, '1,45', 13, 0),
(60, 'Cornieres', 'COR225NRDEC', '225(h)decoupee', 225, 0, 0, 'Noir', 88, 32, '2,66', 4, '1,76', 9, 0, '1,1', 13, 0),
(61, 'Cornieres', 'COR230BL', '5x42(h)', 230, 0, 0, 'Blanc', 83, 32, '2,09', 4, '1,71', 4, 0, '1,42', 15, 0),
(62, 'Cornieres', 'COR230BR', '5x42(h)', 230, 0, 0, 'Brun', 80, 32, '1,672', 4, '1,44', 6, 0, '1,14', 13, 0),
(63, 'Cornieres', 'COR230GL', '5x42(h)', 230, 0, 0, 'Galvanise', 88, 32, '2,09', 4, '1,73', 9, 0, '1,39', 15, 0),
(64, 'Cornieres', 'COR230NR', '5x42(h)', 230, 0, 0, 'Noir', 83, 32, '1,463', 4, '1,28', 11, 0, '0,96', 17, 0),
(65, 'Cornieres', 'COR250BLDEC', '250(h)decoupee', 250, 0, 0, 'Blanc', 87, 32, '4,42', 4, '2,72', 9, 0, '1,68', 17, 0),
(66, 'Cornieres', 'COR250BRDEC', '250(h)decoupee', 250, 0, 0, 'Brun', 81, 32, '3,54', 4, '2,3', 10, 0, '1,45', 17, 0),
(67, 'Cornieres', 'COR250GLDEC', '250(h)decoupee', 250, 0, 0, 'Galvanise', 82, 32, '4,42', 4, '2,76', 3, 0, '1,85', 13, 0),
(68, 'Cornieres', 'COR250NRDEC', '250(h)decoupee', 250, 0, 0, 'Noir', 86, 32, '3,09', 4, '1,91', 9, 0, '1,18', 16, 0),
(69, 'Cornieres', 'COR252BL', '7x32(h)', 252, 0, 0, 'Blanc', 80, 32, '2,21', 4, '1,81', 9, 0, '1,4', 17, 0),
(70, 'Cornieres', 'COR252BR', '7x32(h)', 252, 0, 0, 'Brun', 89, 32, '1,768', 4, '1,53', 10, 0, '1,21', 17, 0),
(71, 'Cornieres', 'COR252GL', '7x32(h)', 252, 0, 0, 'Galvanise', 89, 32, '2,21', 4, '1,84', 3, 0, '1,54', 13, 0),
(72, 'Cornieres', 'COR252NR', '7x32(h)', 252, 0, 0, 'Noir', 80, 32, '1,547', 4, '1,27', 9, 0, '0,98', 16, 0),
(73, 'Cornieres', 'COR275BLDEC', '275(h)decoupee', 275, 0, 0, 'Blanc', 82, 32, '5', 4, '3,24', 7, 0, '1,97', 14, 0),
(74, 'Cornieres', 'COR275BRDEC', '275(h)decoupee', 275, 0, 0, 'Brun', 82, 32, '4', 4, '2,4', 13, 0, '1,54', 13, 0),
(75, 'Cornieres', 'COR275GLDEC', '275(h)decoupee', 275, 0, 0, 'Galvanise', 87, 32, '5', 4, '3,05', 7, 0, '1,84', 17, 0),
(76, 'Cornieres', 'COR275NRDEC', '275(h)decoupee', 275, 0, 0, 'Noir', 81, 32, '3,5', 4, '2,28', 7, 0, '1,42', 12, 0),
(77, 'Cornieres', 'COR276BL', '6x42(h)', 276, 0, 0, 'Blanc', 86, 32, '2,5', 4, '2,16', 7, 0, '1,64', 14, 0),
(78, 'Cornieres', 'COR276BR', '6x42(h)', 276, 0, 0, 'Brun', 90, 32, '2', 4, '1,6', 13, 0, '1,28', 13, 0),
(79, 'Cornieres', 'COR276GL', '6x42(h)', 276, 0, 0, 'Galvanise', 81, 32, '2,5', 4, '2,03', 7, 0, '1,53', 17, 0),
(80, 'Cornieres', 'COR276NR', '6x42(h)', 276, 0, 0, 'Noir', 83, 32, '1,75', 4, '1,52', 7, 0, '1,18', 12, 0),
(81, 'Cornieres', 'COR280BL', '5x52(h)', 280, 0, 0, 'Blanc', 84, 32, '2,59', 4, '2,3', 10, 0, '1,75', 10, 0),
(82, 'Cornieres', 'COR280BR', '5x52(h)', 280, 0, 0, 'Brun', 86, 32, '2,072', 4, '1,84', 10, 0, '1,4', 11, 0),
(83, 'Cornieres', 'COR280GL', '5x52(h)', 280, 0, 0, 'Galvanise', 86, 32, '2,59', 4, '2,26', 13, 0, '1,66', 15, 0),
(84, 'Cornieres', 'COR280NR', '5x52(h)', 280, 0, 0, 'Noir', 86, 32, '1,813', 4, '1,49', 8, 0, '1,24', 15, 0),
(85, 'Cornieres', 'COR300BLDEC', '300(h)decoupee', 300, 0, 0, 'Blanc', 90, 32, '5,18', 4, '3,45', 10, 0, '2,1', 10, 0),
(86, 'Cornieres', 'COR300BRDEC', '300(h)decoupee', 300, 0, 0, 'Brun', 88, 32, '4,14', 4, '2,76', 10, 0, '1,68', 11, 0),
(87, 'Cornieres', 'COR300GLDEC', '300(h)decoupee', 300, 0, 0, 'Galvanise', 83, 32, '5,18', 4, '3,39', 13, 0, '1,99', 15, 0),
(88, 'Cornieres', 'COR300NRDEC', '300(h)decoupee', 300, 0, 0, 'Noir', 84, 32, '3,63', 4, '2,24', 8, 0, '1,49', 15, 0),
(89, 'Cornieres', 'COR325BLDEC', '325(h)decoupee', 325, 0, 0, 'Blanc', 86, 32, '5,18', 4, '3,45', 10, 0, '2,1', 10, 0),
(90, 'Cornieres', 'COR325BRDEC', '325(h)decoupee', 325, 0, 0, 'Brun', 88, 32, '4,14', 4, '2,76', 10, 0, '1,68', 11, 0),
(91, 'Cornieres', 'COR325GLDEC', '325(h)decoupee', 325, 0, 0, 'Galvanise', 90, 32, '5,18', 4, '3,39', 13, 0, '1,99', 15, 0),
(92, 'Cornieres', 'COR325NRDEC', '325(h)decoupee', 325, 0, 0, 'Noir', 87, 32, '3,63', 4, '2,24', 8, 0, '1,49', 15, 0),
(93, 'Cornieres', 'COR350BLDEC', '350(h)decoupee', 350, 0, 0, 'Blanc', 84, 32, '5,18', 4, '3,45', 10, 0, '2,1', 10, 0),
(94, 'Cornieres', 'COR350BRDEC', '350(h)decoupee', 350, 0, 0, 'Brun', 84, 32, '4,14', 4, '2,76', 10, 0, '1,68', 11, 0),
(95, 'Cornieres', 'COR350GLDEC', '350(h)decoupee', 350, 0, 0, 'Galvanise', 83, 32, '5,18', 4, '3,39', 13, 0, '1,99', 15, 0),
(96, 'Cornieres', 'COR350NRDEC', '350(h)decoupee', 350, 0, 0, 'Noir', 85, 32, '3,63', 4, '2,24', 8, 0, '1,49', 15, 0),
(97, 'Cornieres', 'COR36BL', '1x32(h)', 36, 0, 0, 'Blanc', 84, 32, '0,35', 4, '0,3', 3, 0, '0,23', 9, 0),
(98, 'Cornieres', 'COR36BR', '1x32(h)', 36, 0, 0, 'Brun', 82, 32, '0,28', 4, '0,24', 6, 0, '0,18', 16, 0),
(99, 'Cornieres', 'COR36GL', '1x32(h)', 36, 0, 0, 'Galvanise', 81, 32, '0,35', 4, '0,3', 7, 0, '0,24', 14, 0),
(100, 'Cornieres', 'COR36NR', '1x32(h)', 36, 0, 0, 'Noir', 84, 32, '0,245', 4, '0,21', 7, 0, '0,15', 17, 0),
(101, 'Cornieres', 'COR375BLDEC', '375(h)decoupee', 375, 0, 0, 'Blanc', 82, 32, '5,18', 4, '3,45', 10, 0, '2,1', 10, 0),
(102, 'Cornieres', 'COR375BRDEC', '375(h)decoupee', 375, 0, 0, 'Brun', 81, 32, '4,14', 4, '2,76', 10, 0, '1,68', 11, 0),
(103, 'Cornieres', 'COR375GLDEC', '375(h)decoupee', 375, 0, 0, 'Galvanise', 86, 32, '5,18', 4, '3,39', 13, 0, '1,99', 15, 0),
(104, 'Cornieres', 'COR375NRDEC', '375(h)decoupee', 375, 0, 0, 'Noir', 89, 32, '3,63', 4, '2,24', 8, 0, '1,49', 15, 0),
(105, 'Cornieres', 'COR46BL', '1x42(h)', 46, 0, 0, 'Blanc', 89, 32, '0,45', 4, '0,37', 12, 0, '0,3', 9, 0),
(106, 'Cornieres', 'COR46BR', '1x42(h)', 46, 0, 0, 'Brun', 87, 32, '0,36', 4, '0,29', 4, 0, '0,24', 9, 0),
(107, 'Cornieres', 'COR46GL', '1x42(h)', 46, 0, 0, 'Galvanise', 82, 32, '0,45', 4, '0,37', 10, 0, '0,27', 14, 0),
(108, 'Cornieres', 'COR46NR', '1x42(h)', 46, 0, 0, 'Noir', 90, 32, '0,315', 4, '0,26', 9, 0, '0,2', 11, 0),
(109, 'Cornieres', 'COR50BLDEC', '50(h)decoupee', 50, 0, 0, 'Blanc', 84, 32, '1,1', 4, '0,69', 3, 0, '0,42', 9, 0),
(110, 'Cornieres', 'COR50BRDEC', '50(h)decoupee', 50, 0, 0, 'Brun', 86, 32, '0,88', 4, '0,57', 9, 0, '0,32', 13, 0),
(111, 'Cornieres', 'COR50GLDEC', '50(h)decoupee', 50, 0, 0, 'Galvanise', 82, 32, '1,1', 4, '0,72', 8, 0, '0,44', 15, 0),
(112, 'Cornieres', 'COR50NRDEC', '50(h)decoupee', 50, 0, 0, 'Noir', 82, 32, '0,77', 4, '0,51', 6, 0, '0,32', 12, 0),
(113, 'Cornieres', 'COR56BL', '1x52(h)', 56, 0, 0, 'Blanc', 89, 32, '0,55', 4, '0,46', 3, 0, '0,35', 9, 0),
(114, 'Cornieres', 'COR56BR', '1x52(h)', 56, 0, 0, 'Brun', 86, 32, '0,44', 4, '0,38', 9, 0, '0,27', 13, 0),
(115, 'Cornieres', 'COR56GL', '1x52(h)', 56, 0, 0, 'Galvanise', 82, 32, '0,55', 4, '0,48', 8, 0, '0,37', 15, 0),
(116, 'Cornieres', 'COR56NR', '1x52(h)', 56, 0, 0, 'Noir', 89, 32, '0,385', 4, '0,34', 6, 0, '0,27', 12, 0),
(117, 'Cornieres', 'COR72BL', '2x32(h)', 72, 0, 0, 'Blanc', 82, 32, '0,66', 4, '0,54', 12, 0, '0,45', 18, 0),
(118, 'Cornieres', 'COR72BR', '2x32(h)', 72, 0, 0, 'Brun', 85, 32, '0,528', 4, '0,46', 12, 0, '0,37', 12, 0),
(119, 'Cornieres', 'COR72GL', '2x32(h)', 72, 0, 0, 'Galvanise', 83, 32, '0,66', 4, '0,58', 4, 0, '0,4', 13, 0),
(120, 'Cornieres', 'COR72NR', '2x32(h)', 72, 0, 0, 'Noir', 81, 32, '0,462', 4, '0,39', 13, 0, '0,31', 13, 0),
(121, 'Cornieres', 'COR75BLDEC', '75(h)decoupee', 75, 0, 0, 'Blanc', 89, 32, '1,32', 4, '0,81', 12, 0, '0,54', 18, 0),
(122, 'Cornieres', 'COR75BRDEC', '75(h)decoupee', 75, 0, 0, 'Brun', 83, 32, '1,06', 4, '0,69', 12, 0, '0,44', 12, 0),
(123, 'Cornieres', 'COR75GLDEC', '75(h)decoupee', 75, 0, 0, 'Galvanise', 84, 32, '1,32', 4, '0,87', 4, 0, '0,48', 13, 0),
(124, 'Cornieres', 'COR75NRDEC', '75(h)decoupee', 75, 0, 0, 'Noir', 81, 32, '0,92', 4, '0,59', 13, 0, '0,37', 13, 0),
(125, 'Cornieres', 'COR92BL', '2x42(h)', 92, 0, 0, 'Blanc', 85, 32, '0,86', 4, '0,72', 6, 0, '0,6', 18, 0),
(126, 'Cornieres', 'COR92BR', '2x42(h)', 92, 0, 0, 'Brun', 83, 32, '0,688', 4, '0,58', 12, 0, '0,43', 8, 0),
(127, 'Cornieres', 'COR92GL', '2x42(h)', 92, 0, 0, 'Galvanise', 82, 32, '0,86', 4, '0,75', 5, 0, '0,52', 12, 0),
(128, 'Cornieres', 'COR92NR', '2x42(h)', 92, 0, 0, 'Noir', 87, 32, '0,602', 4, '0,51', 10, 0, '0,38', 14, 0),
(129, 'Coupelles', 'COUPEL', '6cmDiam', 0, 0, 0, NULL, 42, 16, '0,005', 2, '0,004', 13, 0, '0,0035', 13, 0),
(130, 'Panneau GD', 'PAG3232BL', '32(h)x32(p)', 32, 32, 0, 'Blanc', 45, 16, '5,12', 2, '4,53', 13, 0, '3,43', 12, 0),
(131, 'Panneau GD', 'PAG3232BR', '32(h)x32(p)', 32, 32, 0, 'Brun', 44, 16, '4,096', 2, '3,6', 9, 0, '2,52', 17, 0),
(132, 'Panneau GD', 'PAG3242BL', '32(h)x42(p)', 32, 42, 0, 'Blanc', 38, 16, '6,72', 2, '5,82', 10, 0, '4,12', 12, 0),
(133, 'Panneau GD', 'PAG3242BR', '32(h)x42(p)', 32, 42, 0, 'Brun', 48, 16, '5,376', 2, '4,47', 6, 0, '3,28', 10, 0),
(134, 'Panneau GD', 'PAG3252BL', '32(h)x52(p)', 32, 52, 0, 'Blanc', 41, 16, '8,32', 2, '6,9', 7, 0, '5,62', 10, 0),
(135, 'Panneau GD', 'PAG3252BR', '32(h)x52(p)', 32, 52, 0, 'Brun', 42, 16, '6,656', 2, '5,49', 7, 0, '4,25', 11, 0),
(136, 'Panneau GD', 'PAG3262BL', '32(h)x62(p)', 32, 62, 0, 'Blanc', 49, 16, '9,92', 2, '8,31', 5, 0, '6,31', 10, 0),
(137, 'Panneau GD', 'PAG3262BR', '32(h)x62(p)', 32, 62, 0, 'Brun', 41, 16, '7,936', 2, '6,49', 13, 0, '4,9', 9, 0),
(138, 'Panneau GD', 'PAG4232BL', '42(h)x32(p)', 42, 32, 0, 'Blanc', 49, 16, '6,72', 2, '5,46', 11, 0, '4,3', 9, 0),
(139, 'Panneau GD', 'PAG4232BR', '42(h)x32(p)', 42, 32, 0, 'Brun', 41, 16, '5,376', 2, '4,42', 9, 0, '3,58', 15, 0),
(140, 'Panneau GD', 'PAG4242BL', '42(h)x42(p)', 42, 42, 0, 'Blanc', 43, 16, '8,82', 2, '7,65', 6, 0, '5,79', 14, 0),
(141, 'Panneau GD', 'PAG4242BR', '42(h)x42(p)', 42, 42, 0, 'Brun', 43, 16, '7,056', 2, '6,2', 9, 0, '4,84', 8, 0),
(142, 'Panneau GD', 'PAG4252BL', '42(h)x52(p)', 42, 52, 0, 'Blanc', 45, 16, '10,92', 2, '9,16', 5, 0, '7,09', 10, 0),
(143, 'Panneau GD', 'PAG4252BR', '42(h)x52(p)', 42, 52, 0, 'Brun', 47, 16, '8,736', 2, '7,05', 8, 0, '5,98', 14, 0),
(144, 'Panneau GD', 'PAG4262BL', '42(h)x62(p)', 42, 62, 0, 'Blanc', 43, 16, '13,02', 2, '10,93', 7, 0, '9,06', 17, 0),
(145, 'Panneau GD', 'PAG4262BR', '42(h)x62(p)', 42, 62, 0, 'Brun', 45, 16, '10,416', 2, '9,29', 4, 0, '6,91', 15, 0),
(146, 'Panneau GD', 'PAG5232BL', '52(h)x32(p)', 52, 32, 0, 'Blanc', 50, 16, '8,32', 2, '6,83', 9, 0, '5,71', 11, 0),
(147, 'Panneau GD', 'PAG5232BR', '52(h)x32(p)', 52, 32, 0, 'Brun', 47, 16, '6,656', 2, '5,39', 5, 0, '4,62', 14, 0),
(148, 'Panneau GD', 'PAG5242BL', '52(h)x42(p)', 52, 42, 0, 'Blanc', 47, 16, '10,92', 2, '9,32', 9, 0, '7,05', 12, 0),
(149, 'Panneau GD', 'PAG5242BR', '52(h)x42(p)', 52, 42, 0, 'Brun', 49, 16, '8,736', 2, '7,36', 3, 0, '5,55', 16, 0),
(150, 'Panneau GD', 'PAG5252BL', '52(h)x52(p)', 52, 52, 0, 'Blanc', 47, 16, '13,52', 2, '11,51', 6, 0, '9,44', 9, 0),
(151, 'Panneau GD', 'PAG5252BR', '52(h)x52(p)', 52, 52, 0, 'Brun', 47, 16, '10,816', 2, '8,81', 11, 0, '7,27', 9, 0),
(152, 'Panneau GD', 'PAG5262BL', '52(h)x62(p)', 52, 62, 0, 'Blanc', 48, 16, '16,12', 2, '14,35', 12, 0, '10,43', 17, 0),
(153, 'Panneau GD', 'PAG5262BR', '52(h)x62(p)', 52, 62, 0, 'Brun', 44, 16, '12,896', 2, '11', 11, 0, '8,75', 13, 0),
(154, 'Panneau HB', 'PAH32100BL', '32(p)x100(L)', 0, 32, 100, 'Blanc', 49, 16, '16', 2, '12,97', 6, 0, '11,07', 15, 0),
(155, 'Panneau HB', 'PAH32100BR', '32(p)x100(L)', 0, 32, 100, 'Brun', 42, 16, '12,8', 2, '11,29', 10, 0, '7,77', 9, 0),
(156, 'Panneau HB', 'PAH32120BL', '32(p)x120(L)', 0, 32, 120, 'Blanc', 47, 16, '19,2', 2, '16,99', 6, 0, '12,39', 11, 0),
(157, 'Panneau HB', 'PAH32120BR', '32(p)x120(L)', 0, 32, 120, 'Brun', 50, 16, '15,36', 2, '13,3', 9, 0, '10,73', 14, 0),
(158, 'Panneau HB', 'PAH3232BL', '32(p)x32(L)', 0, 32, 32, 'Blanc', 50, 16, '5,12', 2, '4,31', 7, 0, '3,33', 14, 0),
(159, 'Panneau HB', 'PAH3232BR', '32(p)x32(L)', 0, 32, 32, 'Brun', 41, 16, '4,096', 2, '3,34', 9, 0, '2,64', 14, 0),
(160, 'Panneau HB', 'PAH3242BL', '32(p)x42(L)', 0, 32, 42, 'Blanc', 42, 16, '6,72', 2, '5,41', 4, 0, '4,33', 17, 0),
(161, 'Panneau HB', 'PAH3242BR', '32(p)x42(L)', 0, 32, 42, 'Brun', 46, 16, '5,376', 2, '4,3', 7, 0, '3,61', 16, 0),
(162, 'Panneau HB', 'PAH3252BL', '32(p)x52(L)', 0, 32, 52, 'Blanc', 41, 16, '8,32', 2, '6,66', 11, 0, '5,31', 17, 0),
(163, 'Panneau HB', 'PAH3252BR', '32(p)x52(L)', 0, 32, 52, 'Brun', 48, 16, '6,656', 2, '5,67', 11, 0, '4,51', 15, 0),
(164, 'Panneau HB', 'PAH3262BL', '32(p)x62(L)', 0, 32, 62, 'Blanc', 44, 16, '9,92', 2, '8,49', 8, 0, '6,31', 14, 0),
(165, 'Panneau HB', 'PAH3262BR', '32(p)x62(L)', 0, 32, 62, 'Brun', 44, 16, '7,936', 2, '6,92', 4, 0, '4,94', 11, 0),
(166, 'Panneau HB', 'PAH3280BL', '32(p)x80(L)', 0, 32, 80, 'Blanc', 48, 16, '12,8', 2, '10,73', 11, 0, '8,22', 13, 0),
(167, 'Panneau HB', 'PAH3280BR', '32(p)x80(L)', 0, 32, 80, 'Brun', 48, 16, '10,24', 2, '8,6', 8, 0, '6,2', 17, 0),
(168, 'Panneau HB', 'PAH42100BL', '42(p)x100(L)', 0, 42, 100, 'Blanc', 34, 16, '21', 2, '17,7', 6, 0, '14,3', 10, 0),
(169, 'Panneau HB', 'PAH42100BR', '42(p)x100(L)', 0, 42, 100, 'Brun', 43, 16, '16,8', 2, '15,01', 4, 0, '10,23', 8, 0),
(170, 'Panneau HB', 'PAH42120BL', '42(p)x120(L)', 0, 42, 120, 'Blanc', 41, 16, '25,2', 2, '22,21', 13, 0, '16,22', 10, 0),
(171, 'Panneau HB', 'PAH42120BR', '42(p)x120(L)', 0, 42, 120, 'Brun', 45, 16, '20,16', 2, '17,65', 8, 0, '12,4', 15, 0),
(172, 'Panneau HB', 'PAH4232BL', '42(p)x32(L)', 0, 42, 32, 'Blanc', 43, 16, '6,72', 2, '5,71', 3, 0, '4,55', 17, 0),
(173, 'Panneau HB', 'PAH4232BR', '42(p)x32(L)', 0, 42, 32, 'Brun', 43, 16, '5,376', 2, '4,41', 10, 0, '3,34', 9, 0),
(174, 'Panneau HB', 'PAH4242BL', '42(p)x42(L)', 0, 42, 42, 'Blanc', 40, 16, '8,82', 2, '7,33', 4, 0, '5,95', 18, 0),
(175, 'Panneau HB', 'PAH4242BR', '42(p)x42(L)', 0, 42, 42, 'Brun', 44, 16, '7,056', 2, '5,92', 9, 0, '4,7', 11, 0),
(176, 'Panneau HB', 'PAH4252BL', '42(p)x52(L)', 0, 42, 52, 'Blanc', 46, 16, '10,92', 2, '9,72', 7, 0, '6,95', 13, 0),
(177, 'Panneau HB', 'PAH4252BR', '42(p)x52(L)', 0, 42, 52, 'Brun', 46, 16, '8,736', 2, '7,07', 5, 0, '5,87', 16, 0),
(178, 'Panneau HB', 'PAH4262BL', '42(p)x62(L)', 0, 42, 62, 'Blanc', 45, 16, '13,02', 2, '10,91', 11, 0, '8,55', 10, 0),
(179, 'Panneau HB', 'PAH4262BR', '42(p)x62(L)', 0, 42, 62, 'Brun', 48, 16, '10,416', 2, '9,28', 6, 0, '7,11', 16, 0),
(180, 'Panneau HB', 'PAH4280BL', '42(p)x80(L)', 0, 42, 80, 'Blanc', 50, 16, '16,8', 2, '13,6', 7, 0, '11,46', 12, 0),
(181, 'Panneau HB', 'PAH4280BR', '42(p)x80(L)', 0, 42, 80, 'Brun', 45, 16, '13,44', 2, '11,02', 12, 0, '8,22', 10, 0),
(182, 'Panneau HB', 'PAH52100BL', '52(p)x100(L)', 0, 52, 100, 'Blanc', 49, 16, '26', 2, '23,33', 4, 0, '18,15', 15, 0),
(183, 'Panneau HB', 'PAH52100BR', '52(p)x100(L)', 0, 52, 100, 'Brun', 42, 16, '20,8', 2, '17,94', 12, 0, '14,2', 14, 0),
(184, 'Panneau HB', 'PAH52120BL', '52(p)x120(L)', 0, 52, 120, 'Blanc', 49, 16, '31,2', 2, '28', 6, 0, '20,47', 16, 0),
(185, 'Panneau HB', 'PAH52120BR', '52(p)x120(L)', 0, 52, 120, 'Brun', 49, 16, '24,96', 2, '20,67', 6, 0, '16,37', 8, 0),
(186, 'Panneau HB', 'PAH5232BL', '52(p)x32(L)', 0, 52, 32, 'Blanc', 45, 16, '8,32', 2, '7,25', 5, 0, '5,06', 8, 0),
(187, 'Panneau HB', 'PAH5232BR', '52(p)x32(L)', 0, 52, 32, 'Brun', 42, 16, '6,656', 2, '5,44', 8, 0, '4,12', 10, 0),
(188, 'Panneau HB', 'PAH5242BL', '52(p)x42(L)', 0, 52, 42, 'Blanc', 44, 16, '10,92', 2, '9,46', 12, 0, '7,32', 12, 0),
(189, 'Panneau HB', 'PAH5242BR', '52(p)x42(L)', 0, 52, 42, 'Brun', 45, 16, '8,736', 2, '7,03', 7, 0, '5,48', 15, 0),
(190, 'Panneau HB', 'PAH5252BL', '52(p)x52(L)', 0, 52, 52, 'Blanc', 42, 16, '13,52', 2, '11,25', 8, 0, '8,46', 14, 0),
(191, 'Panneau HB', 'PAH5252BR', '52(p)x52(L)', 0, 52, 52, 'Brun', 43, 16, '10,816', 2, '9,67', 12, 0, '6,51', 14, 0),
(192, 'Panneau HB', 'PAH5262BL', '52(p)x62(L)', 0, 52, 62, 'Blanc', 46, 16, '16,12', 2, '13,65', 12, 0, '11,02', 12, 0),
(193, 'Panneau HB', 'PAH5262BR', '52(p)x62(L)', 0, 52, 62, 'Brun', 42, 16, '12,896', 2, '10,83', 6, 0, '8,75', 17, 0),
(194, 'Panneau HB', 'PAH5280BL', '52(p)x80(L)', 0, 52, 80, 'Blanc', 41, 16, '20,8', 2, '17,55', 7, 0, '12,67', 12, 0),
(195, 'Panneau HB', 'PAH5280BR', '52(p)x80(L)', 0, 52, 80, 'Brun', 48, 16, '16,64', 2, '14,27', 7, 0, '10,38', 9, 0),
(196, 'Panneau HB', 'PAH62100BL', '62(p)x100(L)', 0, 62, 100, 'Blanc', 44, 16, '31', 2, '26,08', 4, 0, '20,87', 16, 0),
(197, 'Panneau HB', 'PAH62100BR', '62(p)x100(L)', 0, 62, 100, 'Brun', 50, 16, '24,8', 2, '21,16', 12, 0, '15,11', 17, 0),
(198, 'Panneau HB', 'PAH62120BL', '62(p)x120(L)', 0, 62, 120, 'Blanc', 43, 16, '37,2', 2, '33,13', 6, 0, '25,73', 17, 0),
(199, 'Panneau HB', 'PAH62120BR', '62(p)x120(L)', 0, 62, 120, 'Brun', 45, 16, '29,76', 2, '26,55', 12, 0, '18,22', 9, 0),
(200, 'Panneau HB', 'PAH6232BL', '62(p)x32(L)', 0, 62, 32, 'Blanc', 44, 16, '9,92', 2, '8,92', 11, 0, '6,76', 14, 0),
(201, 'Panneau HB', 'PAH6232BR', '62(p)x32(L)', 0, 62, 32, 'Brun', 48, 16, '7,936', 2, '6,52', 5, 0, '5,12', 17, 0),
(202, 'Panneau HB', 'PAH6242BL', '62(p)x42(L)', 0, 62, 42, 'Blanc', 44, 16, '13,02', 2, '11,02', 6, 0, '8,38', 17, 0),
(203, 'Panneau HB', 'PAH6242BR', '62(p)x42(L)', 0, 62, 42, 'Brun', 40, 16, '10,416', 2, '9,12', 11, 0, '6,39', 16, 0),
(204, 'Panneau HB', 'PAH6252BL', '62(p)x52(L)', 0, 62, 52, 'Blanc', 44, 16, '16,12', 2, '14,1', 6, 0, '9,68', 12, 0),
(205, 'Panneau HB', 'PAH6252BR', '62(p)x52(L)', 0, 62, 52, 'Brun', 45, 16, '12,896', 2, '11,56', 10, 0, '8,04', 10, 0),
(206, 'Panneau HB', 'PAH6262BL', '62(p)x62(L)', 0, 62, 62, 'Blanc', 46, 16, '19,22', 2, '15,86', 12, 0, '12,92', 14, 0),
(207, 'Panneau HB', 'PAH6262BR', '62(p)x62(L)', 0, 62, 62, 'Brun', 45, 16, '15,376', 2, '13,41', 7, 0, '10,41', 12, 0),
(208, 'Panneau HB', 'PAH6280BL', '62(p)x80(L)', 0, 62, 80, 'Blanc', 48, 16, '24,8', 2, '22,2', 5, 0, '15,1', 10, 0),
(209, 'Panneau HB', 'PAH6280BR', '62(p)x80(L)', 0, 62, 80, 'Brun', 50, 16, '19,84', 2, '17,8', 7, 0, '12,21', 18, 0),
(210, 'Panneau Ar', 'PAR32100BL', '32(h)x100(L)', 32, 0, 100, 'Blanc', 9, 8, '16', 1, '12,92', 13, 0, '9,81', 14, 0),
(211, 'Panneau Ar', 'PAR32100BR', '32(h)x100(L)', 32, 0, 100, 'Brun', 23, 8, '12,8', 1, '11,31', 11, 0, '8,93', 11, 0),
(212, 'Panneau Ar', 'PAR32120BL', '32(h)x120(L)', 32, 0, 120, 'Blanc', 30, 8, '19,2', 1, '15,54', 6, 0, '12,31', 10, 0),
(213, 'Panneau Ar', 'PAR32120BR', '32(h)x120(L)', 32, 0, 120, 'Brun', 29, 8, '15,36', 1, '13,31', 5, 0, '10,09', 17, 0),
(214, 'Panneau Ar', 'PAR3232BL', '32(h)x32(L)', 32, 0, 32, 'Blanc', 23, 8, '5,12', 1, '4,24', 10, 0, '3,34', 14, 0),
(215, 'Panneau Ar', 'PAR3232BR', '32(h)x32(L)', 32, 0, 32, 'Brun', 26, 8, '4,096', 1, '3,29', 7, 0, '2,46', 16, 0),
(216, 'Panneau Ar', 'PAR3242BL', '32(h)x42(L)', 32, 0, 42, 'Blanc', 29, 8, '6,72', 1, '6', 7, 0, '4,36', 13, 0),
(217, 'Panneau Ar', 'PAR3242BR', '32(h)x42(L)', 32, 0, 42, 'Brun', 21, 8, '5,376', 1, '4,46', 8, 0, '3,34', 13, 0),
(218, 'Panneau Ar', 'PAR3252BL', '32(h)x52(L)', 32, 0, 52, 'Blanc', 21, 8, '8,32', 1, '7,36', 7, 0, '5,51', 14, 0),
(219, 'Panneau Ar', 'PAR3252BR', '32(h)x52(L)', 32, 0, 52, 'Brun', 24, 8, '6,656', 1, '5,65', 4, 0, '4,28', 10, 0),
(220, 'Panneau Ar', 'PAR3262BL', '32(h)x62(L)', 32, 0, 62, 'Blanc', 26, 8, '9,92', 1, '8,88', 12, 0, '6,22', 17, 0),
(221, 'Panneau Ar', 'PAR3262BR', '32(h)x62(L)', 32, 0, 62, 'Brun', 27, 8, '7,936', 1, '6,43', 7, 0, '5,51', 8, 0),
(222, 'Panneau Ar', 'PAR3280BL', '32(h)x80(L)', 32, 0, 80, 'Blanc', 25, 8, '12,8', 1, '10,43', 10, 0, '8,17', 12, 0),
(223, 'Panneau Ar', 'PAR3280BR', '32(h)x80(L)', 32, 0, 80, 'Brun', 29, 8, '10,24', 1, '8,44', 3, 0, '6,16', 11, 0),
(224, 'Panneau Ar', 'PAR42100BL', '42(h)x100(L)', 42, 0, 100, 'Blanc', 27, 8, '26', 1, '22,63', 6, 0, '16,3', 11, 0),
(225, 'Panneau Ar', 'PAR42100BR', '42(h)x100(L)', 42, 0, 100, 'Brun', 24, 8, '16,8', 1, '13,61', 13, 0, '10,12', 15, 0),
(226, 'Panneau Ar', 'PAR42120BL', '42(h)x120(L)', 42, 0, 120, 'Blanc', 30, 8, '31,2', 1, '25,98', 7, 0, '21,59', 16, 0),
(227, 'Panneau Ar', 'PAR42120BR', '42(h)x120(L)', 42, 0, 120, 'Brun', 21, 8, '20,16', 1, '16,16', 10, 0, '13,25', 10, 0),
(228, 'Panneau Ar', 'PAR4232BL', '42(h)x32(L)', 42, 0, 32, 'Blanc', 23, 8, '8,32', 1, '7,1', 10, 0, '5,71', 14, 0),
(229, 'Panneau Ar', 'PAR4232BR', '42(h)x32(L)', 42, 0, 32, 'Brun', 25, 8, '5,376', 1, '4,66', 13, 0, '3,53', 17, 0),
(230, 'Panneau Ar', 'PAR4242BL', '42(h)x42(L)', 42, 0, 42, 'Blanc', 29, 8, '10,92', 1, '9,82', 4, 0, '7,03', 9, 0),
(231, 'Panneau Ar', 'PAR4242BR', '42(h)x42(L)', 42, 0, 42, 'Brun', 25, 8, '7,056', 1, '5,73', 10, 0, '4,71', 15, 0),
(232, 'Panneau Ar', 'PAR4252BL', '42(h)x52(L)', 42, 0, 52, 'Blanc', 24, 8, '13,52', 1, '11,72', 7, 0, '8,48', 13, 0),
(233, 'Panneau Ar', 'PAR4252BR', '42(h)x52(L)', 42, 0, 52, 'Brun', 26, 8, '8,736', 1, '7,24', 10, 0, '5,68', 11, 0),
(234, 'Panneau Ar', 'PAR4262BL', '42(h)x62(L)', 42, 0, 62, 'Blanc', 30, 8, '16,12', 1, '13,69', 6, 0, '10,64', 17, 0),
(235, 'Panneau Ar', 'PAR4262BR', '42(h)x62(L)', 42, 0, 62, 'Brun', 27, 8, '10,416', 1, '9,09', 5, 0, '6,75', 17, 0),
(236, 'Panneau Ar', 'PAR4280BL', '42(h)x80(L)', 42, 0, 80, 'Blanc', 24, 8, '20,8', 1, '16,86', 6, 0, '13,83', 8, 0),
(237, 'Panneau Ar', 'PAR4280BR', '42(h)x80(L)', 42, 0, 80, 'Brun', 26, 8, '13,44', 1, '11,33', 4, 0, '9,41', 17, 0),
(238, 'Panneau Ar', 'PAR52100BL', '52(h)x100(L)', 52, 0, 100, 'Blanc', 27, 8, '26', 1, '21,89', 9, 0, '17,85', 9, 0),
(239, 'Panneau Ar', 'PAR52100BR', '52(h)x100(L)', 52, 0, 100, 'Brun', 23, 8, '20,8', 1, '17,2', 7, 0, '14,07', 13, 0),
(240, 'Panneau Ar', 'PAR52120BL', '52(h)x120(L)', 52, 0, 120, 'Blanc', 30, 8, '31,2', 1, '26,99', 6, 0, '20,81', 18, 0),
(241, 'Panneau Ar', 'PAR52120BR', '52(h)x120(L)', 52, 0, 120, 'Brun', 24, 8, '24,96', 1, '19,98', 9, 0, '16,12', 10, 0),
(242, 'Panneau Ar', 'PAR5232BL', '52(h)x32(L)', 52, 0, 32, 'Blanc', 28, 8, '8,32', 1, '7,32', 5, 0, '5,33', 17, 0),
(243, 'Panneau Ar', 'PAR5232BR', '52(h)x32(L)', 52, 0, 32, 'Brun', 22, 8, '6,656', 1, '5,99', 9, 0, '4,11', 10, 0),
(244, 'Panneau Ar', 'PAR5242BL', '52(h)x42(L)', 52, 0, 42, 'Blanc', 20, 8, '10,92', 1, '9,11', 9, 0, '7,52', 16, 0),
(245, 'Panneau Ar', 'PAR5242BR', '52(h)x42(L)', 52, 0, 42, 'Brun', 20, 8, '8,736', 1, '7,48', 5, 0, '5,64', 14, 0),
(246, 'Panneau Ar', 'PAR5252BL', '52(h)x52(L)', 52, 0, 52, 'Blanc', 22, 8, '13,52', 1, '10,98', 9, 0, '8,45', 14, 0),
(247, 'Panneau Ar', 'PAR5252BR', '52(h)x52(L)', 52, 0, 52, 'Brun', 24, 8, '10,816', 1, '9,26', 8, 0, '6,66', 10, 0),
(248, 'Panneau Ar', 'PAR5262BL', '52(h)x62(L)', 52, 0, 62, 'Blanc', 28, 8, '16,12', 1, '14,09', 11, 0, '10,72', 15, 0),
(249, 'Panneau Ar', 'PAR5262BR', '52(h)x62(L)', 52, 0, 62, 'Brun', 28, 8, '12,896', 1, '10,67', 8, 0, '8,46', 15, 0),
(250, 'Panneau Ar', 'PAR5280BL', '52(h)x80(L)', 52, 0, 80, 'Blanc', 28, 8, '20,8', 1, '16,91', 13, 0, '13,57', 18, 0),
(251, 'Panneau Ar', 'PAR5280BR', '52(h)x80(L)', 52, 0, 80, 'Brun', 28, 8, '16,64', 1, '14,23', 13, 0, '10,31', 17, 0),
(252, 'Porte', 'POR3232BL', '32(h)x32(L)', 32, 0, 32, 'Blanc', 41, 16, '5,12', 2, '4,31', 7, 0, '3,14', 8, 0),
(253, 'Porte', 'POR3232BR', '32(h)x32(L)', 32, 0, 32, 'Brun', 46, 16, '5,12', 2, '4,14', 4, 0, '3,45', 8, 0),
(254, 'Porte', 'POR3232VE', '32(h)x32(L)', 32, 0, 32, 'Verre', 46, 16, '10,24', 2, '8,79', 11, 0, '6,3', 16, 0),
(255, 'Porte', 'POR3242BL', '32(h)x42(L)', 32, 0, 42, 'Blanc', 42, 16, '6,72', 2, '5,6', 10, 0, '4,35', 14, 0),
(256, 'Porte', 'POR3242BR', '32(h)x42(L)', 32, 0, 42, 'Brun', 42, 16, '6,72', 2, '5,98', 7, 0, '4,68', 13, 0),
(257, 'Porte', 'POR3242VE', '32(h)x42(L)', 32, 0, 42, 'Verre', 50, 16, '13,44', 2, '11,23', 5, 0, '9', 14, 0),
(258, 'Porte', 'POR3252BL', '32(h)x52(L)', 32, 0, 52, 'Blanc', 46, 16, '8,32', 2, '6,82', 12, 0, '5,53', 13, 0),
(259, 'Porte', 'POR3252BR', '32(h)x52(L)', 32, 0, 52, 'Brun', 47, 16, '8,32', 2, '7,31', 5, 0, '5,4', 14, 0),
(260, 'Porte', 'POR3252VE', '32(h)x52(L)', 32, 0, 52, 'Verre', 42, 16, '16,64', 2, '13,48', 11, 0, '11,53', 15, 0),
(261, 'Porte', 'POR3262BL', '32(h)x62(L)', 32, 0, 62, 'Blanc', 42, 16, '9,92', 2, '7,95', 12, 0, '6,88', 14, 0),
(262, 'Porte', 'POR3262BR', '32(h)x62(L)', 32, 0, 62, 'Brun', 40, 16, '9,92', 2, '8,4', 7, 0, '5,97', 17, 0),
(263, 'Porte', 'POR3262VE', '32(h)x62(L)', 32, 0, 62, 'Verre', 40, 16, '19,84', 2, '17,74', 6, 0, '13,05', 10, 0),
(264, 'Porte', 'POR4232BL', '42(h)x32(L)', 42, 0, 32, 'Blanc', 47, 16, '6,72', 2, '5,69', 6, 0, '4,2', 17, 0),
(265, 'Porte', 'POR4232BR', '42(h)x32(L)', 42, 0, 32, 'Brun', 46, 16, '6,72', 2, '5,96', 11, 0, '4,43', 11, 0),
(266, 'Porte', 'POR4232VE', '42(h)x32(L)', 42, 0, 32, 'Verre', 43, 16, '13,44', 2, '11,57', 10, 0, '8,72', 18, 0),
(267, 'Porte', 'POR4242BL', '42(h)x42(L)', 42, 0, 42, 'Blanc', 44, 16, '8,82', 2, '7,23', 6, 0, '5,84', 13, 0),
(268, 'Porte', 'POR4242BR', '42(h)x42(L)', 42, 0, 42, 'Brun', 43, 16, '8,82', 2, '7,41', 12, 0, '5,75', 15, 0),
(269, 'Porte', 'POR4242VE', '42(h)x42(L)', 42, 0, 42, 'Verre', 45, 16, '17,64', 2, '15,27', 10, 0, '10,7', 15, 0),
(270, 'Porte', 'POR4252BL', '42(h)x52(L)', 42, 0, 52, 'Blanc', 43, 16, '10,92', 2, '9,56', 10, 0, '6,67', 10, 0),
(271, 'Porte', 'POR4252BR', '42(h)x52(L)', 42, 0, 52, 'Brun', 46, 16, '10,92', 2, '9,76', 4, 0, '7,15', 12, 0),
(272, 'Porte', 'POR4252VE', '42(h)x52(L)', 42, 0, 52, 'Verre', 45, 16, '21,84', 2, '19,47', 5, 0, '14,89', 15, 0),
(273, 'Porte', 'POR4262BL', '42(h)x62(L)', 42, 0, 62, 'Blanc', 49, 16, '13,02', 2, '11,16', 5, 0, '8,23', 11, 0),
(274, 'Porte', 'POR4262BR', '42(h)x62(L)', 42, 0, 62, 'Brun', 49, 16, '13,02', 2, '11,54', 5, 0, '7,83', 17, 0),
(275, 'Porte', 'POR4262VE', '42(h)x62(L)', 42, 0, 62, 'Verre', 48, 16, '26,04', 2, '20,85', 9, 0, '18,22', 15, 0),
(276, 'Porte', 'POR5232BL', '52(h)x32(L)', 52, 0, 32, 'Blanc', 47, 16, '8,32', 2, '7,25', 7, 0, '5,23', 16, 0),
(277, 'Porte', 'POR5232BR', '52(h)x32(L)', 52, 0, 32, 'Brun', 43, 16, '8,32', 2, '7,15', 11, 0, '5,24', 13, 0),
(278, 'Porte', 'POR5232VE', '52(h)x32(L)', 52, 0, 32, 'Verre', 46, 16, '16,64', 2, '13,7', 13, 0, '11,12', 9, 0),
(279, 'Porte', 'POR5242BL', '52(h)x42(L)', 52, 0, 42, 'Blanc', 41, 16, '10,92', 2, '9,12', 12, 0, '6,96', 14, 0),
(280, 'Porte', 'POR5242BR', '52(h)x42(L)', 52, 0, 42, 'Brun', 45, 16, '10,92', 2, '8,76', 3, 0, '6,97', 10, 0),
(281, 'Porte', 'POR5242VE', '52(h)x42(L)', 52, 0, 42, 'Verre', 44, 16, '21,84', 2, '18,81', 12, 0, '14,55', 15, 0),
(282, 'Porte', 'POR5252BL', '52(h)x52(L)', 52, 0, 52, 'Blanc', 49, 16, '13,52', 2, '11,01', 11, 0, '8,29', 10, 0),
(283, 'Porte', 'POR5252BR', '52(h)x52(L)', 52, 0, 52, 'Brun', 42, 16, '13,52', 2, '11,66', 6, 0, '8,43', 12, 0),
(284, 'Porte', 'POR5252VE', '52(h)x52(L)', 52, 0, 52, 'Verre', 47, 16, '27,04', 2, '23,04', 12, 0, '17,02', 11, 0),
(285, 'Porte', 'POR5262BL', '52(h)x62(L)', 52, 0, 62, 'Blanc', 40, 16, '16,12', 2, '13,86', 4, 0, '10,95', 13, 0),
(286, 'Porte', 'POR5262BR', '52(h)x62(L)', 52, 0, 62, 'Brun', 46, 16, '32,24', 2, '25,99', 11, 0, '21,36', 10, 0),
(287, 'Porte', 'POR5262VE', '52(h)x62(L)', 52, 0, 62, 'Verre', 46, 16, '32,24', 2, '27,45', 8, 0, '20,61', 17, 0),
(288, 'Tasseau', 'TAS27', '27(h32)', 32, 0, 0, NULL, 59, 32, '0,2', 4, '0,17', 10, 0, '0,13', 14, 0),
(289, 'Tasseau', 'TAS37', '37(h42)', 42, 0, 0, NULL, 84, 32, '0,3', 4, '0,25', 4, 0, '0,19', 8, 0),
(290, 'Tasseau', 'TAS47', '47(h52)', 52, 0, 0, NULL, 88, 32, '0,4', 4, '0,34', 10, 0, '0,24', 10, 0),
(291, 'Traverse Av', 'TRF100', '100(L)', 0, 0, 100, NULL, 48, 16, '2,2', 2, '1,93', 5, 0, '1,48', 12, 0),
(292, 'Traverse Av', 'TRF120', '120(L)', 0, 0, 120, NULL, 42, 16, '2,4', 2, '1,98', 5, 0, '1,63', 8, 0),
(293, 'Traverse Av', 'TRF32', '32(L)', 0, 0, 32, NULL, 45, 16, '1,5', 2, '1,32', 8, 0, '1,05', 16, 0),
(294, 'Traverse Av', 'TRF42', '42(L)', 0, 0, 42, NULL, 43, 16, '1,7', 2, '1,49', 8, 0, '1,17', 14, 0),
(295, 'Traverse Av', 'TRF52', '52(L)', 0, 0, 52, NULL, 44, 16, '1,8', 2, '1,53', 6, 0, '1,2', 9, 0),
(296, 'Traverse Av', 'TRF62', '62(L)', 0, 0, 62, NULL, 42, 16, '1,9', 2, '1,63', 8, 0, '1,28', 16, 0),
(297, 'Traverse Av', 'TRF80', '80(L)', 0, 0, 80, NULL, 44, 16, '2', 2, '1,61', 4, 0, '1,21', 12, 0),
(298, 'Traverse GD', 'TRG32', '32(p)', 0, 32, 0, NULL, 82, 32, '1', 4, '0,9', 9, 0, '0,63', 11, 0),
(299, 'Traverse GD', 'TRG42', '42(p)', 0, 42, 0, NULL, 83, 32, '1,2', 4, '1,01', 4, 0, '0,76', 17, 0),
(300, 'Traverse GD', 'TRG52', '52(p)', 0, 52, 0, NULL, 82, 32, '1,4', 4, '1,21', 12, 0, '0,85', 14, 0),
(301, 'Traverse GD', 'TRG62', '62(p)', 0, 62, 0, NULL, 82, 32, '1,6', 4, '1,43', 8, 0, '0,98', 12, 0),
(302, 'Traverse Ar', 'TRR100', '100(L)', 0, 0, 100, NULL, 49, 16, '2', 2, '1,67', 10, 0, '1,26', 10, 0),
(303, 'Traverse Ar', 'TRR120', '120(L)', 0, 0, 120, NULL, 49, 16, '2,2', 2, '1,88', 4, 0, '1,38', 10, 0),
(304, 'Traverse Ar', 'TRR32', '32(L)', 0, 0, 32, NULL, 41, 16, '1', 2, '0,89', 8, 0, '0,69', 10, 0),
(305, 'Traverse Ar', 'TRR42', '42(L)', 0, 0, 42, NULL, 44, 16, '1,2', 2, '0,98', 10, 0, '0,75', 10, 0),
(306, 'Traverse Ar', 'TRR52', '52(L)', 0, 0, 52, NULL, 44, 16, '1,4', 2, '1,2', 6, 0, '0,94', 10, 0),
(307, 'Traverse Ar', 'TRR62', '62(L)', 0, 0, 62, NULL, 44, 16, '1,6', 2, '1,35', 12, 0, '1,11', 10, 0),
(308, 'Traverse Ar', 'TRR80', '80(L)', 0, 0, 80, NULL, 45, 16, '1,8', 2, '1,52', 3, 0, '1,16', 11, 0);

--
-- Contraintes pour les tables déchargées
--

--
-- Contraintes pour la table `commande`
--
ALTER TABLE `commande`
  ADD CONSTRAINT `commande_ibfk_1` FOREIGN KEY (`client_fk`) REFERENCES `client` (`idClient`);
COMMIT;

/*!40101 SET CHARACTER_SET_CLIENT=@OLD_CHARACTER_SET_CLIENT */;
/*!40101 SET CHARACTER_SET_RESULTS=@OLD_CHARACTER_SET_RESULTS */;
/*!40101 SET COLLATION_CONNECTION=@OLD_COLLATION_CONNECTION */;
